algorithm,dataset,runs,num_tasks,makespan,throughput,total_cpu_time,total_wait_time,avg_start_time,avg_exec_time,avg_finish_time,imbalance_degree,resource_utilization,effective_slots
fcfs,low_high,1,29.0,91.6253289089982,0.3165063672382846,277.9313788060026,9.65309955063276e-05,25.91541368965517,9.583840648482848,35.49887013793104,0.27984112459025434,0.2022231058561275,15.0
fcfs,rand,1,49.0,158.70003281699974,0.3087586002991121,510.08118827701037,0.0002085719861497637,79.7442171632653,10.409820168918579,90.15361134693879,0.025919988440771417,0.2142747669813845,15.0
fcfs,rand_stratified,1,250.0,59.29659800399895,4.2160934761070115,217.56163728698812,0.0012132640040363185,26.317177492000003,0.8702465491479525,27.187375760000002,0.14199351099313445,0.24460271989782145,15.0
