algorithm,dataset,runs,num_tasks,makespan,throughput,total_cpu_time,total_wait_time,avg_start_time,avg_exec_time,avg_finish_time,imbalance_degree,resource_utilization,effective_slots
j2020,low_high,1,29.0,119.33716830399862,0.24300895028886235,261.22681969200494,0.00013939500058768317,36.908831793103445,9.007821368689825,45.91621137931035,0.6328390727524453,0.5472453037987244,4.0
j2020,rand,1,50.0,214.31374827499894,0.2333028114269271,647.2380867059983,0.00023232300009112805,109.22311598,12.944761734119966,122.16702436000001,0.7079136077480725,0.755012326455473,4.0
j2020,rand_stratified,1,250.0,281.61948543799735,0.8877226645421208,823.9260366399685,0.0011994870146736503,147.6327598,3.295704146559874,150.92825437599998,0.6257498152800931,0.7314178166316619,4.0
