algorithm,dataset,runs,num_tasks,makespan,throughput,total_cpu_time,total_wait_time,avg_start_time,avg_exec_time,avg_finish_time,imbalance_degree,resource_utilization,effective_slots
rr,low_high,1,26.0,391.4573900239993,0.06641846766108056,701.0878853679897,1513.3832168609952,58.20714553846154,26.9649186679996,85.17015157692308,1.5213085272814093,0.11939790523561328,15.0
rr,rand,1,48.0,439.1237653829994,0.10930859084371095,1245.410715998005,4575.124653164006,95.3149624375,25.946056583291767,121.25952625000001,0.42369793788163945,0.18907512553805417,15.0
rr,rand_stratified,1,249.0,268.8180068369984,0.9262772346607893,715.3057218459762,13566.78557282802,54.48647676305222,2.872713742353318,57.35908799196787,0.8219362177765097,0.17739528941593857,15.0
