algorithm,dataset,runs,num_tasks,makespan,throughput,total_cpu_time,total_wait_time,avg_start_time,avg_exec_time,avg_finish_time,imbalance_degree,resource_utilization,effective_slots
shc,low_high,1,28.0,124.99281077199703,0.22401288383758008,839.0366033719984,547.7531189309921,19.574660892857143,29.96559297757137,49.53895557142857,1.338663052937157,0.4475119265872601,15.0
shc,rand,1,50.0,120.95745182099927,0.41336849650233426,772.1376853260263,1099.3166609999826,21.9900731,15.442753706520525,37.43201834,1.426646774111174,0.42556985876801595,15.0
shc,rand_stratified,1,250.0,299.57738444200004,0.8345089215117354,2272.1750187410107,21443.05614064501,85.773925768,9.088700074964043,94.86220198399998,1.2904063432282322,0.5056400865001248,15.0
